MASA PEROLEHAN,NILAI PEROLEHAN,Aset_Baru,Perolehan_Mahal,Akum_Jan_Tinggi,Akum_Des_Tinggi,S1_DiAtasRata,S2_DiAtasRata,Selisih_Semester,Umur_Aset,Penyusutan Semester 1,Penyusutan Semester 2
2006,3853000.0,0,0,1,1,0,0,0.0,19,0.0,0.0
2003,3797000.0,0,0,1,1,0,0,0.0,22,0.0,0.0
2006,2978000.0,0,0,1,1,0,0,0.0,19,0.0,0.0
2009,9000000.0,0,1,1,1,0,0,0.0,16,0.0,0.0
2006,3805000.0,0,0,1,1,0,0,0.0,19,0.0,0.0
2010,12570000.0,0,1,1,1,0,0,0.0,15,0.0,0.0
2021,18285000.0,1,1,1,1,1,1,0.0,4,1828500.0,1828500.0
2006,92947000.0,0,1,1,1,0,0,0.0,19,0.0,0.0
2024,246000000.0,1,1,0,1,1,1,0.0,1,24600000.0,24600000.0
2024,4120000.0,1,1,0,0,1,1,0.0,1,412000.0,412000.0
2021,1400331.0,1,0,0,0,0,0,0.0,4,140033.0,140033.0
2021,7500000.0,1,1,1,1,1,1,0.0,4,750000.0,750000.0
2013,2800000.0,0,0,1,0,0,0,0.0,12,0.0,0.0
2019,1299600.0,1,0,0,0,0,0,0.0,6,0.0,0.0
2019,1299600.0,1,0,0,0,0,0,0.0,6,0.0,0.0
2019,1195500.0,1,0,0,0,0,0,0.0,6,0.0,0.0
2019,1195500.0,1,0,0,0,0,0,0.0,6,0.0,0.0
2019,1195500.0,1,0,0,0,0,0,0.0,6,0.0,0.0
2021,3742076.0,1,0,0,1,1,1,1.0,4,374207.0,374208.0
2021,3742076.0,1,0,0,1,1,1,1.0,4,374207.0,374208.0
2021,3742076.0,1,0,0,1,1,1,1.0,4,374207.0,374208.0
2021,3742076.0,1,0,0,1,1,1,1.0,4,374207.0,374208.0
2021,3742076.0,1,0,0,1,1,1,1.0,4,374207.0,374208.0
2021,3742076.0,1,0,0,1,1,1,1.0,4,374207.0,374208.0
2021,3742076.0,1,0,0,1,1,1,1.0,4,374207.0,374208.0
2021,3742076.0,1,0,0,1,1,1,1.0,4,374207.0,374208.0
2021,3742076.0,1,0,0,1,1,1,1.0,4,374207.0,374208.0
2021,3742076.0,1,0,0,1,1,1,1.0,4,374207.0,374208.0
2022,3113750.0,1,0,0,0,1,1,0.0,3,311375.0,311375.0
2013,2730000.0,0,0,1,0,0,0,0.0,12,0.0,0.0
2016,2600000.0,0,0,1,0,0,0,0.0,9,0.0,0.0
2016,2600000.0,0,0,1,0,0,0,0.0,9,0.0,0.0
2016,2000000.0,0,0,0,0,0,0,0.0,9,0.0,0.0
2017,4250000.0,0,1,1,1,0,0,0.0,8,0.0,0.0
2017,4250000.0,0,1,1,1,0,0,0.0,8,0.0,0.0
2017,3400000.0,0,0,1,1,0,0,0.0,8,0.0,0.0
2017,3400000.0,0,0,1,1,0,0,0.0,8,0.0,0.0
2017,3400000.0,0,0,1,1,0,0,0.0,8,0.0,0.0
2017,3400000.0,0,0,1,1,0,0,0.0,8,0.0,0.0
2017,3400000.0,0,0,1,1,0,0,0.0,8,0.0,0.0
2017,5850000.0,0,1,1,1,0,0,0.0,8,0.0,0.0
2017,5850000.0,0,1,1,1,0,0,0.0,8,0.0,0.0
2017,5850000.0,0,1,1,1,0,0,0.0,8,0.0,0.0
2017,5850000.0,0,1,1,1,0,0,0.0,8,0.0,0.0
2017,5850000.0,0,1,1,1,0,0,0.0,8,0.0,0.0
2018,6688880.0,0,1,1,1,0,0,0.0,7,0.0,0.0
2011,705000.0,0,0,0,0,0,0,0.0,14,0.0,0.0
2017,950000.0,0,0,0,0,0,0,0.0,8,0.0,0.0
2017,950000.0,0,0,0,0,0,0,0.0,8,0.0,0.0
2017,1400000.0,0,0,0,0,0,0,0.0,8,0.0,0.0
2017,1400000.0,0,0,0,0,0,0,0.0,8,0.0,0.0
2017,2392500.0,0,0,1,0,0,0,0.0,8,0.0,0.0
2017,2392500.0,0,0,1,0,0,0,0.0,8,0.0,0.0
2017,2392500.0,0,0,1,0,0,0,0.0,8,0.0,0.0
2017,2392500.0,0,0,1,0,0,0,0.0,8,0.0,0.0
2017,2392500.0,0,0,1,0,0,0,0.0,8,0.0,0.0
2017,2392500.0,0,0,1,0,0,0,0.0,8,0.0,0.0
2017,2392500.0,0,0,1,0,0,0,0.0,8,0.0,0.0
2017,2392500.0,0,0,1,0,0,0,0.0,8,0.0,0.0
2017,2775000.0,0,0,1,0,0,0,0.0,8,0.0,0.0
2017,2775000.0,0,0,1,0,0,0,0.0,8,0.0,0.0
2017,2775000.0,0,0,1,0,0,0,0.0,8,0.0,0.0
2017,2775000.0,0,0,1,0,0,0,0.0,8,0.0,0.0
2017,2775000.0,0,0,1,0,0,0,0.0,8,0.0,0.0
2017,2775000.0,0,0,1,0,0,0,0.0,8,0.0,0.0
2019,2495000.0,1,0,1,0,0,0,0.0,6,0.0,0.0
2019,2495000.0,1,0,1,0,0,0,0.0,6,0.0,0.0
2019,2495000.0,1,0,1,0,0,0,0.0,6,0.0,0.0
2019,2495000.0,1,0,1,0,0,0,0.0,6,0.0,0.0
2019,2495000.0,1,0,1,0,0,0,0.0,6,0.0,0.0
2019,2495000.0,1,0,1,0,0,0,0.0,6,0.0,0.0
2019,2250000.0,1,0,0,0,0,0,0.0,6,0.0,0.0
2019,2250000.0,1,0,0,0,0,0,0.0,6,0.0,0.0
2019,2250000.0,1,0,0,0,0,0,0.0,6,0.0,0.0
2019,2250000.0,1,0,0,0,0,0,0.0,6,0.0,0.0
2019,2250000.0,1,0,0,0,0,0,0.0,6,0.0,0.0
2017,1043000.0,0,0,0,0,0,0,0.0,8,0.0,0.0
2017,1043000.0,0,0,0,0,0,0,0.0,8,0.0,0.0
2017,1043000.0,0,0,0,0,0,0,0.0,8,0.0,0.0
2017,1043000.0,0,0,0,0,0,0,0.0,8,0.0,0.0
2017,1043000.0,0,0,0,0,0,0,0.0,8,0.0,0.0
2017,1043000.0,0,0,0,0,0,0,0.0,8,0.0,0.0
2017,1043000.0,0,0,0,0,0,0,0.0,8,0.0,0.0
2017,1043000.0,0,0,0,0,0,0,0.0,8,0.0,0.0
2017,850000.0,0,0,0,0,0,0,0.0,8,0.0,0.0
2017,850000.0,0,0,0,0,0,0,0.0,8,0.0,0.0
2010,6200000.0,0,1,1,1,0,0,0.0,15,0.0,0.0
2021,455000.0,1,0,0,0,0,0,0.0,4,45500.0,45500.0
2021,455000.0,1,0,0,0,0,0,0.0,4,45500.0,45500.0
2021,455000.0,1,0,0,0,0,0,0.0,4,45500.0,45500.0
2021,455000.0,1,0,0,0,0,0,0.0,4,45500.0,45500.0
2021,455000.0,1,0,0,0,0,0,0.0,4,45500.0,45500.0
2021,455000.0,1,0,0,0,0,0,0.0,4,45500.0,45500.0
2011,1975000.0,0,0,0,0,0,0,0.0,14,0.0,0.0
2011,1975000.0,0,0,0,0,0,0,0.0,14,0.0,0.0
2018,650000.0,0,0,0,0,0,0,0.0,7,0.0,0.0
2018,600000.0,0,0,0,0,0,0,0.0,7,0.0,0.0
2004,500000.0,0,0,0,0,0,0,0.0,21,0.0,0.0
2023,2000000.0,1,0,0,0,0,0,0.0,2,200000.0,200000.0
2023,2000000.0,1,0,0,0,0,0,0.0,2,200000.0,200000.0
2017,1050000.0,0,0,0,0,0,0,0.0,8,0.0,0.0
2017,1050000.0,0,0,0,0,0,0,0.0,8,0.0,0.0
2017,1050000.0,0,0,0,0,0,0,0.0,8,0.0,0.0
2017,1050000.0,0,0,0,0,0,0,0.0,8,0.0,0.0
2017,1050000.0,0,0,0,0,0,0,0.0,8,0.0,0.0
2018,1350000.0,0,0,0,0,0,0,0.0,7,0.0,0.0
2018,400000.0,0,0,0,0,0,0,0.0,7,0.0,0.0
2018,400000.0,0,0,0,0,0,0,0.0,7,0.0,0.0
2018,400000.0,0,0,0,0,0,0,0.0,7,0.0,0.0
2022,2850000.0,1,0,0,0,1,1,0.0,3,285000.0,285000.0
2017,5832500.0,0,1,1,1,0,0,0.0,8,0.0,0.0
2024,640000.0,1,0,0,0,0,0,0.0,1,64000.0,64000.0
2024,640000.0,1,0,0,0,0,0,0.0,1,64000.0,64000.0
2024,640000.0,1,0,0,0,0,0,0.0,1,64000.0,64000.0
2020,4200000.0,1,1,1,1,1,1,0.0,5,420000.0,420000.0
2020,4100000.0,1,1,1,1,1,1,0.0,5,410000.0,410000.0
2020,5500000.0,1,1,1,1,1,1,0.0,5,550000.0,550000.0
2017,2875000.0,0,0,1,1,0,0,0.0,8,0.0,0.0
2017,885000.0,0,0,0,0,0,0,0.0,8,0.0,0.0
2017,885000.0,0,0,0,0,0,0,0.0,8,0.0,0.0
2018,2000000.0,0,0,0,0,0,0,0.0,7,0.0,0.0
2018,1000000.0,0,0,0,0,0,0,0.0,7,0.0,0.0
2017,2600000.0,0,0,1,0,0,0,0.0,8,0.0,0.0
2017,1450000.0,0,0,0,0,0,0,0.0,8,0.0,0.0
2017,1475000.0,0,0,0,0,0,0,0.0,8,0.0,0.0
2017,1475000.0,0,0,0,0,0,0,0.0,8,0.0,0.0
2017,500000.0,0,0,0,0,0,0,0.0,8,0.0,0.0
2017,500000.0,0,0,0,0,0,0,0.0,8,0.0,0.0
2017,500000.0,0,0,0,0,0,0,0.0,8,0.0,0.0
2017,500000.0,0,0,0,0,0,0,0.0,8,0.0,0.0
2017,500000.0,0,0,0,0,0,0,0.0,8,0.0,0.0
2017,500000.0,0,0,0,0,0,0,0.0,8,0.0,0.0
2017,500000.0,0,0,0,0,0,0,0.0,8,0.0,0.0
2017,500000.0,0,0,0,0,0,0,0.0,8,0.0,0.0
2017,995000.0,0,0,0,0,0,0,0.0,8,0.0,0.0
2017,995000.0,0,0,0,0,0,0,0.0,8,0.0,0.0
2017,995000.0,0,0,0,0,0,0,0.0,8,0.0,0.0
2018,1000000.0,0,0,0,0,0,0,0.0,7,0.0,0.0
2018,800000.0,0,0,0,0,0,0,0.0,7,0.0,0.0
2018,1600000.0,0,0,0,0,0,0,0.0,7,0.0,0.0
2018,700000.0,0,0,0,0,0,0,0.0,7,0.0,0.0
2018,1200000.0,0,0,0,0,0,0,0.0,7,0.0,0.0
2023,490000.0,1,0,0,0,0,0,0.0,2,49000.0,49000.0
2023,490000.0,1,0,0,0,0,0,0.0,2,49000.0,49000.0
2017,130120000.0,0,1,1,1,0,0,0.0,8,0.0,0.0
2019,2950000.0,1,0,1,1,0,0,0.0,6,0.0,0.0
2017,3000000.0,0,0,1,1,0,0,0.0,8,0.0,0.0
2019,1365000.0,1,0,0,0,0,0,0.0,6,0.0,0.0
2019,1365000.0,1,0,0,0,0,0,0.0,6,0.0,0.0
2019,1875000.0,1,0,0,0,0,0,0.0,6,0.0,0.0
2019,1875000.0,1,0,0,0,0,0,0.0,6,0.0,0.0
2023,1900000.0,1,0,0,0,0,0,0.0,2,190000.0,190000.0
2023,1900000.0,1,0,0,0,0,0,0.0,2,190000.0,190000.0
2023,1900000.0,1,0,0,0,0,0,0.0,2,190000.0,190000.0
2023,1900000.0,1,0,0,0,0,0,0.0,2,190000.0,190000.0
2023,6950000.0,1,1,0,0,1,1,0.0,2,695000.0,695000.0
2023,6950000.0,1,1,0,0,1,1,0.0,2,695000.0,695000.0
2023,6950000.0,1,1,0,0,1,1,0.0,2,695000.0,695000.0
2006,838000.0,0,0,0,0,0,0,0.0,19,0.0,0.0
2010,1925000.0,0,0,0,0,0,0,0.0,15,0.0,0.0
2010,500000.0,0,0,0,0,0,0,0.0,15,0.0,0.0
2010,1925000.0,0,0,0,0,0,0,0.0,15,0.0,0.0
2010,1925000.0,0,0,0,0,0,0,0.0,15,0.0,0.0
2023,320000.0,1,0,0,0,0,0,0.0,2,32000.0,32000.0
2023,320000.0,1,0,0,0,0,0,0.0,2,32000.0,32000.0
2023,320000.0,1,0,0,0,0,0,0.0,2,32000.0,32000.0
2023,320000.0,1,0,0,0,0,0,0.0,2,32000.0,32000.0
2023,320000.0,1,0,0,0,0,0,0.0,2,32000.0,32000.0
2023,320000.0,1,0,0,0,0,0,0.0,2,32000.0,32000.0
2023,320000.0,1,0,0,0,0,0,0.0,2,32000.0,32000.0
2023,320000.0,1,0,0,0,0,0,0.0,2,32000.0,32000.0
2023,320000.0,1,0,0,0,0,0,0.0,2,32000.0,32000.0
2023,320000.0,1,0,0,0,0,0,0.0,2,32000.0,32000.0
2010,800000.0,0,0,0,0,0,0,0.0,15,0.0,0.0
2010,800000.0,0,0,0,0,0,0,0.0,15,0.0,0.0
2010,800000.0,0,0,0,0,0,0,0.0,15,0.0,0.0
2010,800000.0,0,0,0,0,0,0,0.0,15,0.0,0.0
2019,500000.0,1,0,0,0,0,0,0.0,6,0.0,0.0
2019,500000.0,1,0,0,0,0,0,0.0,6,0.0,0.0
2019,500000.0,1,0,0,0,0,0,0.0,6,0.0,0.0
2019,500000.0,1,0,0,0,0,0,0.0,6,0.0,0.0
2019,500000.0,1,0,0,0,0,0,0.0,6,0.0,0.0
2019,500000.0,1,0,0,0,0,0,0.0,6,0.0,0.0
2019,500000.0,1,0,0,0,0,0,0.0,6,0.0,0.0
2019,500000.0,1,0,0,0,0,0,0.0,6,0.0,0.0
2019,500000.0,1,0,0,0,0,0,0.0,6,0.0,0.0
2019,500000.0,1,0,0,0,0,0,0.0,6,0.0,0.0
2019,500000.0,1,0,0,0,0,0,0.0,6,0.0,0.0
2019,500000.0,1,0,0,0,0,0,0.0,6,0.0,0.0
2019,500000.0,1,0,0,0,0,0,0.0,6,0.0,0.0
2019,500000.0,1,0,0,0,0,0,0.0,6,0.0,0.0
2019,500000.0,1,0,0,0,0,0,0.0,6,0.0,0.0
2019,500000.0,1,0,0,0,0,0,0.0,6,0.0,0.0
2019,500000.0,1,0,0,0,0,0,0.0,6,0.0,0.0
2019,500000.0,1,0,0,0,0,0,0.0,6,0.0,0.0
2019,500000.0,1,0,0,0,0,0,0.0,6,0.0,0.0
2019,500000.0,1,0,0,0,0,0,0.0,6,0.0,0.0
2019,500000.0,1,0,0,0,0,0,0.0,6,0.0,0.0
2019,500000.0,1,0,0,0,0,0,0.0,6,0.0,0.0
2019,500000.0,1,0,0,0,0,0,0.0,6,0.0,0.0
2019,500000.0,1,0,0,0,0,0,0.0,6,0.0,0.0
2019,500000.0,1,0,0,0,0,0,0.0,6,0.0,0.0
2019,500000.0,1,0,0,0,0,0,0.0,6,0.0,0.0
2019,500000.0,1,0,0,0,0,0,0.0,6,0.0,0.0
2019,500000.0,1,0,0,0,0,0,0.0,6,0.0,0.0
2019,500000.0,1,0,0,0,0,0,0.0,6,0.0,0.0
2019,500000.0,1,0,0,0,0,0,0.0,6,0.0,0.0
2019,500000.0,1,0,0,0,0,0,0.0,6,0.0,0.0
2019,500000.0,1,0,0,0,0,0,0.0,6,0.0,0.0
2019,500000.0,1,0,0,0,0,0,0.0,6,0.0,0.0
2019,500000.0,1,0,0,0,0,0,0.0,6,0.0,0.0
2019,500000.0,1,0,0,0,0,0,0.0,6,0.0,0.0
2019,500000.0,1,0,0,0,0,0,0.0,6,0.0,0.0
2019,500000.0,1,0,0,0,0,0,0.0,6,0.0,0.0
2019,500000.0,1,0,0,0,0,0,0.0,6,0.0,0.0
2019,500000.0,1,0,0,0,0,0,0.0,6,0.0,0.0
2019,500000.0,1,0,0,0,0,0,0.0,6,0.0,0.0
2019,500000.0,1,0,0,0,0,0,0.0,6,0.0,0.0
2019,500000.0,1,0,0,0,0,0,0.0,6,0.0,0.0
2019,500000.0,1,0,0,0,0,0,0.0,6,0.0,0.0
2019,500000.0,1,0,0,0,0,0,0.0,6,0.0,0.0
2019,500000.0,1,0,0,0,0,0,0.0,6,0.0,0.0
2019,500000.0,1,0,0,0,0,0,0.0,6,0.0,0.0
2019,500000.0,1,0,0,0,0,0,0.0,6,0.0,0.0
2019,500000.0,1,0,0,0,0,0,0.0,6,0.0,0.0
2019,500000.0,1,0,0,0,0,0,0.0,6,0.0,0.0
2019,500000.0,1,0,0,0,0,0,0.0,6,0.0,0.0
2014,1850000.0,0,0,0,0,0,0,0.0,11,0.0,0.0
2014,1850000.0,0,0,0,0,0,0,0.0,11,0.0,0.0
2014,1850000.0,0,0,0,0,0,0,0.0,11,0.0,0.0
2014,1850000.0,0,0,0,0,0,0,0.0,11,0.0,0.0
2014,1850000.0,0,0,0,0,0,0,0.0,11,0.0,0.0
2014,1850000.0,0,0,0,0,0,0,0.0,11,0.0,0.0
2014,1850000.0,0,0,0,0,0,0,0.0,11,0.0,0.0
2014,1850000.0,0,0,0,0,0,0,0.0,11,0.0,0.0
2014,1850000.0,0,0,0,0,0,0,0.0,11,0.0,0.0
2014,1850000.0,0,0,0,0,0,0,0.0,11,0.0,0.0
2010,650000.0,0,0,0,0,0,0,0.0,15,0.0,0.0
2010,650000.0,0,0,0,0,0,0,0.0,15,0.0,0.0
2010,650000.0,0,0,0,0,0,0,0.0,15,0.0,0.0
2010,650000.0,0,0,0,0,0,0,0.0,15,0.0,0.0
2010,650000.0,0,0,0,0,0,0,0.0,15,0.0,0.0
2010,650000.0,0,0,0,0,0,0,0.0,15,0.0,0.0
2010,650000.0,0,0,0,0,0,0,0.0,15,0.0,0.0
2010,650000.0,0,0,0,0,0,0,0.0,15,0.0,0.0
2010,650000.0,0,0,0,0,0,0,0.0,15,0.0,0.0
2019,695000.0,1,0,0,0,0,0,0.0,6,0.0,0.0
2019,695000.0,1,0,0,0,0,0,0.0,6,0.0,0.0
2019,695000.0,1,0,0,0,0,0,0.0,6,0.0,0.0
2019,695000.0,1,0,0,0,0,0,0.0,6,0.0,0.0
2019,695000.0,1,0,0,0,0,0,0.0,6,0.0,0.0
2019,695000.0,1,0,0,0,0,0,0.0,6,0.0,0.0
2019,695000.0,1,0,0,0,0,0,0.0,6,0.0,0.0
2019,695000.0,1,0,0,0,0,0,0.0,6,0.0,0.0
2019,695000.0,1,0,0,0,0,0,0.0,6,0.0,0.0
2019,695000.0,1,0,0,0,0,0,0.0,6,0.0,0.0
2019,695000.0,1,0,0,0,0,0,0.0,6,0.0,0.0
2019,695000.0,1,0,0,0,0,0,0.0,6,0.0,0.0
2019,695000.0,1,0,0,0,0,0,0.0,6,0.0,0.0
2019,695000.0,1,0,0,0,0,0,0.0,6,0.0,0.0
2019,695000.0,1,0,0,0,0,0,0.0,6,0.0,0.0
2019,695000.0,1,0,0,0,0,0,0.0,6,0.0,0.0
2019,695000.0,1,0,0,0,0,0,0.0,6,0.0,0.0
2019,695000.0,1,0,0,0,0,0,0.0,6,0.0,0.0
2019,695000.0,1,0,0,0,0,0,0.0,6,0.0,0.0
2019,695000.0,1,0,0,0,0,0,0.0,6,0.0,0.0
2003,2412000.0,0,0,1,0,0,0,0.0,22,0.0,0.0
2004,1206000.0,0,0,0,0,0,0,0.0,21,0.0,0.0
2004,1206000.0,0,0,0,0,0,0,0.0,21,0.0,0.0
2015,2200000.0,0,0,0,0,0,0,0.0,10,0.0,0.0
2015,2200000.0,0,0,0,0,0,0,0.0,10,0.0,0.0
2010,3850000.0,0,0,1,1,0,0,0.0,15,0.0,0.0
2011,1364000.0,0,0,0,0,0,0,0.0,14,0.0,0.0
2013,1725000.0,0,0,0,0,0,0,0.0,12,0.0,0.0
2013,1725000.0,0,0,0,0,0,0,0.0,12,0.0,0.0
2013,1725000.0,0,0,0,0,0,0,0.0,12,0.0,0.0
2013,1725000.0,0,0,0,0,0,0,0.0,12,0.0,0.0
2013,1725000.0,0,0,0,0,0,0,0.0,12,0.0,0.0
2013,1725000.0,0,0,0,0,0,0,0.0,12,0.0,0.0
2013,1725000.0,0,0,0,0,0,0,0.0,12,0.0,0.0
2013,1725000.0,0,0,0,0,0,0,0.0,12,0.0,0.0
2000,709000.0,0,0,0,0,0,0,0.0,25,0.0,0.0
2000,709000.0,0,0,0,0,0,0,0.0,25,0.0,0.0
2013,800000.0,0,0,0,0,0,0,0.0,12,0.0,0.0
2013,800000.0,0,0,0,0,0,0,0.0,12,0.0,0.0
2017,570000.0,0,0,0,0,0,0,0.0,8,0.0,0.0
2017,570000.0,0,0,0,0,0,0,0.0,8,0.0,0.0
2017,570000.0,0,0,0,0,0,0,0.0,8,0.0,0.0
2021,300000.0,1,0,0,0,0,0,0.0,4,30000.0,30000.0
2021,300000.0,1,0,0,0,0,0,0.0,4,30000.0,30000.0
2020,21750700.0,1,1,1,1,1,1,0.0,5,2175070.0,2175070.0
2020,84371760.0,1,1,1,1,1,1,0.0,5,8437176.0,8437176.0
2020,3630000.0,1,0,1,1,1,1,0.0,5,363000.0,363000.0
2023,1080000.0,1,0,0,0,0,0,0.0,2,108000.0,108000.0
2023,1080000.0,1,0,0,0,0,0,0.0,2,108000.0,108000.0
2023,1080000.0,1,0,0,0,0,0,0.0,2,108000.0,108000.0
2023,1080000.0,1,0,0,0,0,0,0.0,2,108000.0,108000.0
2023,1080000.0,1,0,0,0,0,0,0.0,2,108000.0,108000.0
2023,1080000.0,1,0,0,0,0,0,0.0,2,108000.0,108000.0
2023,1080000.0,1,0,0,0,0,0,0.0,2,108000.0,108000.0
2023,1080000.0,1,0,0,0,0,0,0.0,2,108000.0,108000.0
2010,4500000.0,0,1,1,1,0,0,0.0,15,0.0,0.0
2017,6610000.0,0,1,1,1,0,0,0.0,8,0.0,0.0
2009,700000.0,0,0,0,0,0,0,0.0,16,0.0,0.0
2003,1640000.0,0,0,0,0,0,0,0.0,22,0.0,0.0
2020,1834000.0,1,0,0,0,0,0,0.0,5,183400.0,183400.0
2011,1989000.0,0,0,0,0,0,0,0.0,14,0.0,0.0
2020,1339000.0,1,0,0,0,0,0,0.0,5,133900.0,133900.0
2023,3579000.0,1,0,0,0,1,1,0.0,2,357900.0,357900.0
2024,3659000.0,1,0,0,0,1,1,0.0,1,365900.0,365900.0
2004,765000.0,0,0,0,0,0,0,0.0,21,0.0,0.0
2013,3998500.0,0,1,1,1,0,0,0.0,12,0.0,0.0
2013,3998500.0,0,1,1,1,0,0,0.0,12,0.0,0.0
2017,3500000.0,0,0,1,1,0,0,0.0,8,0.0,0.0
2017,3500000.0,0,0,1,1,0,0,0.0,8,0.0,0.0
2017,3210000.0,0,0,1,1,0,0,0.0,8,0.0,0.0
2017,3210000.0,0,0,1,1,0,0,0.0,8,0.0,0.0
2017,3210000.0,0,0,1,1,0,0,0.0,8,0.0,0.0
2017,3210000.0,0,0,1,1,0,0,0.0,8,0.0,0.0
2014,4598000.0,0,1,1,1,0,0,0.0,11,0.0,0.0
2018,5000000.0,0,1,1,1,0,0,0.0,7,0.0,0.0
2018,5000000.0,0,1,1,1,0,0,0.0,7,0.0,0.0
2018,5000000.0,0,1,1,1,0,0,0.0,7,0.0,0.0
2018,5000000.0,0,1,1,1,0,0,0.0,7,0.0,0.0
2018,2939000.0,0,0,1,1,0,0,0.0,7,0.0,0.0
2018,2939000.0,0,0,1,1,0,0,0.0,7,0.0,0.0
2018,2939000.0,0,0,1,1,0,0,0.0,7,0.0,0.0
2020,2956000.0,1,0,0,1,1,1,0.0,5,295600.0,295600.0
2013,748000.0,0,0,0,0,0,0,0.0,12,0.0,0.0
2013,748000.0,0,0,0,0,0,0,0.0,12,0.0,0.0
2013,748000.0,0,0,0,0,0,0,0.0,12,0.0,0.0
2013,748000.0,0,0,0,0,0,0,0.0,12,0.0,0.0
2014,749100.0,0,0,0,0,0,0,0.0,11,0.0,0.0
2014,749100.0,0,0,0,0,0,0,0.0,11,0.0,0.0
2014,749100.0,0,0,0,0,0,0,0.0,11,0.0,0.0
2014,749100.0,0,0,0,0,0,0,0.0,11,0.0,0.0
2014,749100.0,0,0,0,0,0,0,0.0,11,0.0,0.0
2014,749100.0,0,0,0,0,0,0,0.0,11,0.0,0.0
2017,450000.0,0,0,0,0,0,0,0.0,8,0.0,0.0
2017,450000.0,0,0,0,0,0,0,0.0,8,0.0,0.0
2017,450000.0,0,0,0,0,0,0,0.0,8,0.0,0.0
2017,450000.0,0,0,0,0,0,0,0.0,8,0.0,0.0
2017,450000.0,0,0,0,0,0,0,0.0,8,0.0,0.0
2017,960000.0,0,0,0,0,0,0,0.0,8,0.0,0.0
2017,960000.0,0,0,0,0,0,0,0.0,8,0.0,0.0
2018,745000.0,0,0,0,0,0,0,0.0,7,0.0,0.0
2018,745000.0,0,0,0,0,0,0,0.0,7,0.0,0.0
2019,758000.0,1,0,0,0,0,0,0.0,6,0.0,0.0
2019,758000.0,1,0,0,0,0,0,0.0,6,0.0,0.0
2019,758000.0,1,0,0,0,0,0,0.0,6,0.0,0.0
2019,758000.0,1,0,0,0,0,0,0.0,6,0.0,0.0
2020,1750000.0,1,0,0,0,0,0,0.0,5,175000.0,175000.0
2018,600000.0,0,0,0,0,0,0,0.0,7,0.0,0.0
2018,600000.0,0,0,0,0,0,0,0.0,7,0.0,0.0
2018,600000.0,0,0,0,0,0,0,0.0,7,0.0,0.0
2018,600000.0,0,0,0,0,0,0,0.0,7,0.0,0.0
2018,600000.0,0,0,0,0,0,0,0.0,7,0.0,0.0
2011,1350000.0,0,0,0,0,0,0,0.0,14,0.0,0.0
2016,9350000.0,0,1,1,1,0,0,0.0,9,0.0,0.0
2004,2000000.0,0,0,0,0,0,0,0.0,21,0.0,0.0
2024,4134999.0,1,1,0,0,1,1,0.0,1,413500.0,413500.0
2021,1000000.0,1,0,0,0,0,0,0.0,4,100000.0,100000.0
2023,1239000.0,1,0,0,0,0,0,0.0,2,123900.0,123900.0
2023,1549000.0,1,0,0,0,0,0,0.0,2,154900.0,154900.0
2024,1529999.0,1,0,0,0,0,0,0.0,1,153000.0,153000.0
2024,1529999.0,1,0,0,0,0,0,0.0,1,153000.0,153000.0
2024,1529999.0,1,0,0,0,0,0,0.0,1,153000.0,153000.0
2024,1529999.0,1,0,0,0,0,0,0.0,1,153000.0,153000.0
2024,1529999.0,1,0,0,0,0,0,0.0,1,153000.0,153000.0
2024,1530003.0,1,0,0,0,0,0,0.0,1,153000.0,153000.0
2019,400000.0,1,0,0,0,0,0,0.0,6,0.0,0.0
2015,2700000.0,0,0,1,0,0,0,0.0,10,0.0,0.0
2019,400000.0,1,0,0,0,0,0,0.0,6,0.0,0.0
2019,400000.0,1,0,0,0,0,0,0.0,6,0.0,0.0
2018,3850000.0,0,0,1,1,0,0,0.0,7,0.0,0.0
2018,350625.0,0,0,0,0,0,0,0.0,7,0.0,0.0
2018,350625.0,0,0,0,0,0,0,0.0,7,0.0,0.0
2024,544999.0,1,0,0,0,0,0,0.0,1,54500.0,54500.0
2024,544999.0,1,0,0,0,0,0,0.0,1,54500.0,54500.0
2024,544999.0,1,0,0,0,0,0,0.0,1,54500.0,54500.0
2024,544999.0,1,0,0,0,0,0,0.0,1,54500.0,54500.0
2024,544999.0,1,0,0,0,0,0,0.0,1,54500.0,54500.0
2024,544999.0,1,0,0,0,0,0,0.0,1,54500.0,54500.0
2024,544999.0,1,0,0,0,0,0,0.0,1,54500.0,54500.0
2024,544999.0,1,0,0,0,0,0,0.0,1,54500.0,54500.0
2024,544999.0,1,0,0,0,0,0,0.0,1,54500.0,54500.0
2024,544999.0,1,0,0,0,0,0,0.0,1,54500.0,54500.0
2024,544999.0,1,0,0,0,0,0,0.0,1,54500.0,54500.0
2024,544999.0,1,0,0,0,0,0,0.0,1,54500.0,54500.0
2024,544999.0,1,0,0,0,0,0,0.0,1,54500.0,54500.0
2024,544999.0,1,0,0,0,0,0,0.0,1,54500.0,54500.0
2024,544999.0,1,0,0,0,0,0,0.0,1,54500.0,54500.0
2024,544999.0,1,0,0,0,0,0,0.0,1,54500.0,54500.0
2019,600000.0,1,0,0,0,0,0,0.0,6,0.0,0.0
2019,600000.0,1,0,0,0,0,0,0.0,6,0.0,0.0
2019,600000.0,1,0,0,0,0,0,0.0,6,0.0,0.0
2019,600000.0,1,0,0,0,0,0,0.0,6,0.0,0.0
2019,600000.0,1,0,0,0,0,0,0.0,6,0.0,0.0
2019,600000.0,1,0,0,0,0,0,0.0,6,0.0,0.0
2019,600000.0,1,0,0,0,0,0,0.0,6,0.0,0.0
2019,600000.0,1,0,0,0,0,0,0.0,6,0.0,0.0
2019,600000.0,1,0,0,0,0,0,0.0,6,0.0,0.0
2019,600000.0,1,0,0,0,0,0,0.0,6,0.0,0.0
2019,600000.0,1,0,0,0,0,0,0.0,6,0.0,0.0
2019,600000.0,1,0,0,0,0,0,0.0,6,0.0,0.0
2019,600000.0,1,0,0,0,0,0,0.0,6,0.0,0.0
2019,970000.0,1,0,0,0,0,0,0.0,6,0.0,0.0
2018,793900.0,0,0,0,0,0,0,0.0,7,0.0,0.0
2004,547000.0,0,0,0,0,0,0,0.0,21,0.0,0.0
2004,547000.0,0,0,0,0,0,0,0.0,21,0.0,0.0
2017,2000000.0,0,0,0,0,0,0,0.0,8,0.0,0.0
2008,527000.0,0,0,0,0,0,0,0.0,17,0.0,0.0
2003,723000.0,0,0,0,0,0,0,0.0,22,0.0,0.0
2003,723000.0,0,0,0,0,0,0,0.0,22,0.0,0.0
2003,723000.0,0,0,0,0,0,0,0.0,22,0.0,0.0
2003,723000.0,0,0,0,0,0,0,0.0,22,0.0,0.0
2003,723000.0,0,0,0,0,0,0,0.0,22,0.0,0.0
2003,723000.0,0,0,0,0,0,0,0.0,22,0.0,0.0
2003,723000.0,0,0,0,0,0,0,0.0,22,0.0,0.0
2003,723000.0,0,0,0,0,0,0,0.0,22,0.0,0.0
2003,723000.0,0,0,0,0,0,0,0.0,22,0.0,0.0
2003,723000.0,0,0,0,0,0,0,0.0,22,0.0,0.0
2003,723000.0,0,0,0,0,0,0,0.0,22,0.0,0.0
2003,723000.0,0,0,0,0,0,0,0.0,22,0.0,0.0
2003,723000.0,0,0,0,0,0,0,0.0,22,0.0,0.0
2003,723000.0,0,0,0,0,0,0,0.0,22,0.0,0.0
2003,723000.0,0,0,0,0,0,0,0.0,22,0.0,0.0
2003,723000.0,0,0,0,0,0,0,0.0,22,0.0,0.0
2003,723000.0,0,0,0,0,0,0,0.0,22,0.0,0.0
2003,723000.0,0,0,0,0,0,0,0.0,22,0.0,0.0
2003,723000.0,0,0,0,0,0,0,0.0,22,0.0,0.0
2017,9395920.0,0,1,1,1,0,0,0.0,8,0.0,0.0
2023,405000.0,1,0,0,0,0,0,0.0,2,40500.0,40500.0
2023,405000.0,1,0,0,0,0,0,0.0,2,40500.0,40500.0
2023,405000.0,1,0,0,0,0,0,0.0,2,40500.0,40500.0
2023,405000.0,1,0,0,0,0,0,0.0,2,40500.0,40500.0
2023,405000.0,1,0,0,0,0,0,0.0,2,40500.0,40500.0
2023,405000.0,1,0,0,0,0,0,0.0,2,40500.0,40500.0
2023,405000.0,1,0,0,0,0,0,0.0,2,40500.0,40500.0
2023,405000.0,1,0,0,0,0,0,0.0,2,40500.0,40500.0
2023,405000.0,1,0,0,0,0,0,0.0,2,40500.0,40500.0
2023,405000.0,1,0,0,0,0,0,0.0,2,40500.0,40500.0
2023,405000.0,1,0,0,0,0,0,0.0,2,40500.0,40500.0
2023,405000.0,1,0,0,0,0,0,0.0,2,40500.0,40500.0
2023,405000.0,1,0,0,0,0,0,0.0,2,40500.0,40500.0
2023,405000.0,1,0,0,0,0,0,0.0,2,40500.0,40500.0
2023,405000.0,1,0,0,0,0,0,0.0,2,40500.0,40500.0
2023,608000.0,1,0,0,0,0,0,0.0,2,60800.0,60800.0
2023,608000.0,1,0,0,0,0,0,0.0,2,60800.0,60800.0
2023,608000.0,1,0,0,0,0,0,0.0,2,60800.0,60800.0
2019,585000.0,1,0,0,0,0,0,0.0,6,0.0,0.0
2019,585000.0,1,0,0,0,0,0,0.0,6,0.0,0.0
2019,585000.0,1,0,0,0,0,0,0.0,6,0.0,0.0
2019,585000.0,1,0,0,0,0,0,0.0,6,0.0,0.0
2019,585000.0,1,0,0,0,0,0,0.0,6,0.0,0.0
2017,993000.0,0,0,0,0,0,0,0.0,8,0.0,0.0
2017,993000.0,0,0,0,0,0,0,0.0,8,0.0,0.0
2017,993000.0,0,0,0,0,0,0,0.0,8,0.0,0.0
2017,993000.0,0,0,0,0,0,0,0.0,8,0.0,0.0
2017,993000.0,0,0,0,0,0,0,0.0,8,0.0,0.0
2018,1725000.0,0,0,0,0,0,0,0.0,7,0.0,0.0
2018,1725000.0,0,0,0,0,0,0,0.0,7,0.0,0.0
2018,1725000.0,0,0,0,0,0,0,0.0,7,0.0,0.0
2018,1725000.0,0,0,0,0,0,0,0.0,7,0.0,0.0
2018,1725000.0,0,0,0,0,0,0,0.0,7,0.0,0.0
2018,1725000.0,0,0,0,0,0,0,0.0,7,0.0,0.0
2019,1400000.0,1,0,0,0,0,0,0.0,6,0.0,0.0
2019,1400000.0,1,0,0,0,0,0,0.0,6,0.0,0.0
2019,1400000.0,1,0,0,0,0,0,0.0,6,0.0,0.0
2019,1400000.0,1,0,0,0,0,0,0.0,6,0.0,0.0
2019,1400000.0,1,0,0,0,0,0,0.0,6,0.0,0.0
2019,1400000.0,1,0,0,0,0,0,0.0,6,0.0,0.0
2019,1400000.0,1,0,0,0,0,0,0.0,6,0.0,0.0
2019,1400000.0,1,0,0,0,0,0,0.0,6,0.0,0.0
2019,1400000.0,1,0,0,0,0,0,0.0,6,0.0,0.0
2019,1400000.0,1,0,0,0,0,0,0.0,6,0.0,0.0
2019,1400000.0,1,0,0,0,0,0,0.0,6,0.0,0.0
2019,1400000.0,1,0,0,0,0,0,0.0,6,0.0,0.0
2019,1400000.0,1,0,0,0,0,0,0.0,6,0.0,0.0
2019,1400000.0,1,0,0,0,0,0,0.0,6,0.0,0.0
2019,1400000.0,1,0,0,0,0,0,0.0,6,0.0,0.0
2010,4645000.0,0,1,1,1,0,0,0.0,15,0.0,0.0
2010,4645000.0,0,1,1,1,0,0,0.0,15,0.0,0.0
2010,1500000.0,0,0,0,0,0,0,0.0,15,0.0,0.0
2017,755000.0,0,0,0,0,0,0,0.0,8,0.0,0.0
2017,755000.0,0,0,0,0,0,0,0.0,8,0.0,0.0
2017,755000.0,0,0,0,0,0,0,0.0,8,0.0,0.0
2017,755000.0,0,0,0,0,0,0,0.0,8,0.0,0.0
2017,755000.0,0,0,0,0,0,0,0.0,8,0.0,0.0
2013,2900714.0,0,0,1,1,0,0,0.0,12,0.0,0.0
2013,2900714.0,0,0,1,1,0,0,0.0,12,0.0,0.0
2013,2900714.0,0,0,1,1,0,0,0.0,12,0.0,0.0
2023,2475000.0,1,0,0,0,0,0,0.0,2,247500.0,247500.0
2024,30990162.0,1,1,0,1,1,1,0.0,1,3099016.0,3099016.0
2013,1496000.0,0,0,0,0,0,0,0.0,12,0.0,0.0
2016,1900000.0,0,0,0,0,0,0,0.0,9,0.0,0.0
2016,1900000.0,0,0,0,0,0,0,0.0,9,0.0,0.0
2016,1900000.0,0,0,0,0,0,0,0.0,9,0.0,0.0
2016,2000000.0,0,0,0,0,0,0,0.0,9,0.0,0.0
2016,2000000.0,0,0,0,0,0,0,0.0,9,0.0,0.0
2019,1764480.0,1,0,0,0,0,0,0.0,6,0.0,0.0
2024,2150000.0,1,0,0,0,0,0,0.0,1,215000.0,215000.0
2024,2150000.0,1,0,0,0,0,0,0.0,1,215000.0,215000.0
2019,4000000.0,1,1,1,1,0,0,0.0,6,0.0,0.0
2017,22016000.0,0,1,1,1,0,0,0.0,8,0.0,0.0
2017,1500000.0,0,0,0,0,0,0,0.0,8,0.0,0.0
2017,1500000.0,0,0,0,0,0,0,0.0,8,0.0,0.0
2017,1500000.0,0,0,0,0,0,0,0.0,8,0.0,0.0
2017,1500000.0,0,0,0,0,0,0,0.0,8,0.0,0.0
2021,1743500.0,1,0,0,0,0,0,0.0,4,174350.0,174350.0
2021,1743500.0,1,0,0,0,0,0,0.0,4,174350.0,174350.0
2021,1743500.0,1,0,0,0,0,0,0.0,4,174350.0,174350.0
2021,1743500.0,1,0,0,0,0,0,0.0,4,174350.0,174350.0
2017,1600000.0,0,0,0,0,0,0,0.0,8,0.0,0.0
2017,1600000.0,0,0,0,0,0,0,0.0,8,0.0,0.0
2017,1600000.0,0,0,0,0,0,0,0.0,8,0.0,0.0
2017,1600000.0,0,0,0,0,0,0,0.0,8,0.0,0.0
2017,1600000.0,0,0,0,0,0,0,0.0,8,0.0,0.0
2019,1423323.0,1,0,0,0,0,0,0.0,6,0.0,0.0
2019,1423323.0,1,0,0,0,0,0,0.0,6,0.0,0.0
2020,1408813.0,1,0,0,0,0,0,-1.0,5,140882.0,140881.0
2020,1408813.0,1,0,0,0,0,0,-1.0,5,140882.0,140881.0
2018,1050000.0,0,0,0,0,0,0,0.0,7,0.0,0.0
2020,1050000.0,1,0,0,0,0,0,0.0,5,105000.0,105000.0
2020,1159923.0,1,0,0,0,0,0,1.0,5,115992.0,115993.0
2021,1175000.0,1,0,0,0,0,0,0.0,4,117500.0,117500.0
2021,1175000.0,1,0,0,0,0,0,0.0,4,117500.0,117500.0
2021,1175000.0,1,0,0,0,0,0,0.0,4,117500.0,117500.0
2021,1175000.0,1,0,0,0,0,0,0.0,4,117500.0,117500.0
2021,1175000.0,1,0,0,0,0,0,0.0,4,117500.0,117500.0
2021,1175000.0,1,0,0,0,0,0,0.0,4,117500.0,117500.0
2021,1175000.0,1,0,0,0,0,0,0.0,4,117500.0,117500.0
2021,1175000.0,1,0,0,0,0,0,0.0,4,117500.0,117500.0
2021,1175000.0,1,0,0,0,0,0,0.0,4,117500.0,117500.0
2021,1175000.0,1,0,0,0,0,0,0.0,4,117500.0,117500.0
2022,3677430.0,1,0,0,0,1,1,0.0,3,367743.0,367743.0
2022,3677430.0,1,0,0,0,1,1,0.0,3,367743.0,367743.0
2022,3677430.0,1,0,0,0,1,1,0.0,3,367743.0,367743.0
2022,3677430.0,1,0,0,0,1,1,0.0,3,367743.0,367743.0
2022,3677430.0,1,0,0,0,1,1,0.0,3,367743.0,367743.0
2022,3677430.0,1,0,0,0,1,1,0.0,3,367743.0,367743.0
2022,3677430.0,1,0,0,0,1,1,0.0,3,367743.0,367743.0
2022,3677430.0,1,0,0,0,1,1,0.0,3,367743.0,367743.0
2022,3677430.0,1,0,0,0,1,1,0.0,3,367743.0,367743.0
2022,3677430.0,1,0,0,0,1,1,0.0,3,367743.0,367743.0
2022,3677430.0,1,0,0,0,1,1,0.0,3,367743.0,367743.0
2022,3677430.0,1,0,0,0,1,1,0.0,3,367743.0,367743.0
2022,3677430.0,1,0,0,0,1,1,0.0,3,367743.0,367743.0
2022,3677430.0,1,0,0,0,1,1,0.0,3,367743.0,367743.0
2022,3677430.0,1,0,0,0,1,1,0.0,3,367743.0,367743.0
2022,3677430.0,1,0,0,0,1,1,0.0,3,367743.0,367743.0
2022,3677430.0,1,0,0,0,1,1,0.0,3,367743.0,367743.0
2022,3677430.0,1,0,0,0,1,1,0.0,3,367743.0,367743.0
2022,3677430.0,1,0,0,0,1,1,0.0,3,367743.0,367743.0
2022,3677430.0,1,0,0,0,1,1,0.0,3,367743.0,367743.0
2022,3677430.0,1,0,0,0,1,1,0.0,3,367743.0,367743.0
2022,3677430.0,1,0,0,0,1,1,0.0,3,367743.0,367743.0
2022,3677430.0,1,0,0,0,1,1,0.0,3,367743.0,367743.0
2022,3677430.0,1,0,0,0,1,1,0.0,3,367743.0,367743.0
2022,3677430.0,1,0,0,0,1,1,0.0,3,367743.0,367743.0
2022,3677430.0,1,0,0,0,1,1,0.0,3,367743.0,367743.0
2022,3677430.0,1,0,0,0,1,1,0.0,3,367743.0,367743.0
2022,3677430.0,1,0,0,0,1,1,0.0,3,367743.0,367743.0
2022,3677430.0,1,0,0,0,1,1,0.0,3,367743.0,367743.0
2022,3677430.0,1,0,0,0,1,1,0.0,3,367743.0,367743.0
2022,3677430.0,1,0,0,0,1,1,0.0,3,367743.0,367743.0
2022,3677430.0,1,0,0,0,1,1,0.0,3,367743.0,367743.0
2022,3677430.0,1,0,0,0,1,1,0.0,3,367743.0,367743.0
2022,3677430.0,1,0,0,0,1,1,0.0,3,367743.0,367743.0
2022,3677430.0,1,0,0,0,1,1,0.0,3,367743.0,367743.0
2022,3677430.0,1,0,0,0,1,1,0.0,3,367743.0,367743.0
2022,3677430.0,1,0,0,0,1,1,0.0,3,367743.0,367743.0
2022,3677430.0,1,0,0,0,1,1,0.0,3,367743.0,367743.0
2022,3677430.0,1,0,0,0,1,1,0.0,3,367743.0,367743.0
2022,3677430.0,1,0,0,0,1,1,0.0,3,367743.0,367743.0
2022,3677430.0,1,0,0,0,1,1,0.0,3,367743.0,367743.0
2022,3677430.0,1,0,0,0,1,1,0.0,3,367743.0,367743.0
2022,3677430.0,1,0,0,0,1,1,0.0,3,367743.0,367743.0
2022,3677430.0,1,0,0,0,1,1,0.0,3,367743.0,367743.0
2022,3677430.0,1,0,0,0,1,1,0.0,3,367743.0,367743.0
2022,3677430.0,1,0,0,0,1,1,0.0,3,367743.0,367743.0
2022,3677430.0,1,0,0,0,1,1,0.0,3,367743.0,367743.0
2022,3677430.0,1,0,0,0,1,1,0.0,3,367743.0,367743.0
2022,3725000.0,1,0,0,0,1,1,0.0,3,372500.0,372500.0
2011,1560000.0,0,0,0,0,0,0,0.0,14,0.0,0.0
2011,1560000.0,0,0,0,0,0,0,0.0,14,0.0,0.0
2022,3507182.0,1,0,0,0,1,1,0.0,3,350718.0,350718.0
2022,3507182.0,1,0,0,0,1,1,0.0,3,350718.0,350718.0
2022,3507182.0,1,0,0,0,1,1,0.0,3,350718.0,350718.0
2022,3507182.0,1,0,0,0,1,1,0.0,3,350718.0,350718.0
2022,3507182.0,1,0,0,0,1,1,0.0,3,350718.0,350718.0
2022,3507182.0,1,0,0,0,1,1,0.0,3,350718.0,350718.0
2022,3507182.0,1,0,0,0,1,1,0.0,3,350718.0,350718.0
2022,3507182.0,1,0,0,0,1,1,0.0,3,350718.0,350718.0
2022,3507182.0,1,0,0,0,1,1,0.0,3,350718.0,350718.0
2022,3507182.0,1,0,0,0,1,1,0.0,3,350718.0,350718.0
2022,3507182.0,1,0,0,0,1,1,0.0,3,350718.0,350718.0
2022,3507182.0,1,0,0,0,1,1,0.0,3,350718.0,350718.0
2022,3507182.0,1,0,0,0,1,1,0.0,3,350718.0,350718.0
2022,3507182.0,1,0,0,0,1,1,0.0,3,350718.0,350718.0
2022,3507182.0,1,0,0,0,1,1,0.0,3,350718.0,350718.0
2022,3507182.0,1,0,0,0,1,1,0.0,3,350718.0,350718.0
2022,3507182.0,1,0,0,0,1,1,0.0,3,350718.0,350718.0
2022,3507182.0,1,0,0,0,1,1,0.0,3,350718.0,350718.0
2022,3507182.0,1,0,0,0,1,1,0.0,3,350718.0,350718.0
2022,3507182.0,1,0,0,0,1,1,0.0,3,350718.0,350718.0
2022,3507182.0,1,0,0,0,1,1,0.0,3,350718.0,350718.0
2022,3507182.0,1,0,0,0,1,1,0.0,3,350718.0,350718.0
2022,3507182.0,1,0,0,0,1,1,0.0,3,350718.0,350718.0
2022,3507182.0,1,0,0,0,1,1,0.0,3,350718.0,350718.0
2022,3507182.0,1,0,0,0,1,1,0.0,3,350718.0,350718.0
2022,3507182.0,1,0,0,0,1,1,0.0,3,350718.0,350718.0
2022,3507182.0,1,0,0,0,1,1,0.0,3,350718.0,350718.0
2022,3507182.0,1,0,0,0,1,1,0.0,3,350718.0,350718.0
2022,3507182.0,1,0,0,0,1,1,0.0,3,350718.0,350718.0
2022,3507182.0,1,0,0,0,1,1,0.0,3,350718.0,350718.0
2022,3507182.0,1,0,0,0,1,1,0.0,3,350718.0,350718.0
2022,3507182.0,1,0,0,0,1,1,0.0,3,350718.0,350718.0
2022,3507182.0,1,0,0,0,1,1,0.0,3,350718.0,350718.0
2022,3507182.0,1,0,0,0,1,1,0.0,3,350718.0,350718.0
2022,3507182.0,1,0,0,0,1,1,0.0,3,350718.0,350718.0
2022,3507182.0,1,0,0,0,1,1,0.0,3,350718.0,350718.0
2022,3507182.0,1,0,0,0,1,1,0.0,3,350718.0,350718.0
2022,3507182.0,1,0,0,0,1,1,0.0,3,350718.0,350718.0
2022,3507182.0,1,0,0,0,1,1,0.0,3,350718.0,350718.0
2022,3507182.0,1,0,0,0,1,1,0.0,3,350718.0,350718.0
2022,3507182.0,1,0,0,0,1,1,0.0,3,350718.0,350718.0
2022,3507182.0,1,0,0,0,1,1,0.0,3,350718.0,350718.0
2022,3507182.0,1,0,0,0,1,1,0.0,3,350718.0,350718.0
2022,3507182.0,1,0,0,0,1,1,0.0,3,350718.0,350718.0
2022,3507182.0,1,0,0,0,1,1,0.0,3,350718.0,350718.0
2022,3507182.0,1,0,0,0,1,1,0.0,3,350718.0,350718.0
2022,3507182.0,1,0,0,0,1,1,0.0,3,350718.0,350718.0
2022,3507182.0,1,0,0,0,1,1,0.0,3,350718.0,350718.0
2022,2381250.0,1,0,0,0,0,0,0.0,3,238125.0,238125.0
2022,2381250.0,1,0,0,0,0,0,0.0,3,238125.0,238125.0
2022,2381250.0,1,0,0,0,0,0,0.0,3,238125.0,238125.0
2022,2381250.0,1,0,0,0,0,0,0.0,3,238125.0,238125.0
2022,2381250.0,1,0,0,0,0,0,0.0,3,238125.0,238125.0
2023,2593900.0,1,0,0,0,1,1,0.0,2,259390.0,259390.0
2023,2593900.0,1,0,0,0,1,1,0.0,2,259390.0,259390.0
2023,2593900.0,1,0,0,0,1,1,0.0,2,259390.0,259390.0
2013,7461700.0,0,1,1,1,0,0,0.0,12,0.0,0.0
2013,8801695.0,0,1,1,1,0,0,0.0,12,0.0,0.0
2024,47026000.0,1,1,0,1,1,1,0.0,1,4702600.0,4702600.0
2009,1760000.0,0,0,0,0,0,0,0.0,16,0.0,0.0
2019,14225250.0,1,1,1,1,0,0,0.0,6,0.0,0.0
2019,11139924.0,1,1,1,1,0,0,0.0,6,0.0,0.0
2021,11900000.0,1,1,1,1,1,1,0.0,4,1190000.0,1190000.0
2021,1310000.0,1,0,0,0,0,0,0.0,4,131000.0,131000.0
2021,1310000.0,1,0,0,0,0,0,0.0,4,131000.0,131000.0
2021,1310000.0,1,0,0,0,0,0,0.0,4,131000.0,131000.0
2021,1310000.0,1,0,0,0,0,0,0.0,4,131000.0,131000.0
2021,1310000.0,1,0,0,0,0,0,0.0,4,131000.0,131000.0
2021,1310000.0,1,0,0,0,0,0,0.0,4,131000.0,131000.0
2021,1310000.0,1,0,0,0,0,0,0.0,4,131000.0,131000.0
2021,1310000.0,1,0,0,0,0,0,0.0,4,131000.0,131000.0
2021,1310000.0,1,0,0,0,0,0,0.0,4,131000.0,131000.0
2021,1310000.0,1,0,0,0,0,0,0.0,4,131000.0,131000.0
2021,1040000.0,1,0,0,0,0,0,0.0,4,104000.0,104000.0
2021,1040000.0,1,0,0,0,0,0,0.0,4,104000.0,104000.0
2021,1040000.0,1,0,0,0,0,0,0.0,4,104000.0,104000.0
2021,1040000.0,1,0,0,0,0,0,0.0,4,104000.0,104000.0
2021,1040000.0,1,0,0,0,0,0,0.0,4,104000.0,104000.0
2021,1040000.0,1,0,0,0,0,0,0.0,4,104000.0,104000.0
2021,1040000.0,1,0,0,0,0,0,0.0,4,104000.0,104000.0
2021,1040000.0,1,0,0,0,0,0,0.0,4,104000.0,104000.0
2021,1040000.0,1,0,0,0,0,0,0.0,4,104000.0,104000.0
2021,1040000.0,1,0,0,0,0,0,0.0,4,104000.0,104000.0
2022,1364330.0,1,0,0,0,0,0,0.0,3,136433.0,136433.0
2022,1584330.0,1,0,0,0,0,0,0.0,3,158433.0,158433.0
2022,1364330.0,1,0,0,0,0,0,0.0,3,136433.0,136433.0
2022,1584330.0,1,0,0,0,0,0,0.0,3,158433.0,158433.0
2022,1364330.0,1,0,0,0,0,0,0.0,3,136433.0,136433.0
2022,1584330.0,1,0,0,0,0,0,0.0,3,158433.0,158433.0
2022,1364330.0,1,0,0,0,0,0,0.0,3,136433.0,136433.0
2022,1584330.0,1,0,0,0,0,0,0.0,3,158433.0,158433.0
2022,1364330.0,1,0,0,0,0,0,0.0,3,136433.0,136433.0
2022,1584330.0,1,0,0,0,0,0,0.0,3,158433.0,158433.0
2018,97286125.0,0,1,1,1,0,0,0.0,7,0.0,0.0
2006,2285000.0,0,0,0,0,0,0,0.0,19,0.0,0.0
2006,2285000.0,0,0,0,0,0,0,0.0,19,0.0,0.0
2011,4809420.0,0,1,1,1,0,0,0.0,14,0.0,0.0
2011,4435200.0,0,1,1,1,0,0,0.0,14,0.0,0.0
2011,4435200.0,0,1,1,1,0,0,0.0,14,0.0,0.0
2011,4435200.0,0,1,1,1,0,0,0.0,14,0.0,0.0
2020,1515714.0,1,0,0,0,0,0,1.0,5,151571.0,151572.0
2017,1500000.0,0,0,0,0,0,0,0.0,8,0.0,0.0
2017,1500000.0,0,0,0,0,0,0,0.0,8,0.0,0.0
2017,1500000.0,0,0,0,0,0,0,0.0,8,0.0,0.0
2017,1500000.0,0,0,0,0,0,0,0.0,8,0.0,0.0
2017,1500000.0,0,0,0,0,0,0,0.0,8,0.0,0.0
2021,1100000.0,1,0,0,0,0,0,0.0,4,110000.0,110000.0
2023,131500000.0,1,1,1,1,1,1,0.0,2,13150000.0,13150000.0
2024,4250000.0,1,1,0,0,1,1,0.0,1,425000.0,425000.0
2005,20608000.0,0,1,1,1,0,0,0.0,20,0.0,0.0
2021,1210000.0,1,0,0,0,0,0,0.0,4,121000.0,121000.0
2018,1441505.0,0,0,0,0,0,0,0.0,7,0.0,0.0
2018,1397060.0,0,0,0,0,0,0,0.0,7,0.0,0.0
2019,1584431.0,1,0,0,0,0,0,0.0,6,0.0,0.0
2019,1584431.0,1,0,0,0,0,0,0.0,6,0.0,0.0
2019,1370331.0,1,0,0,0,0,0,0.0,6,0.0,0.0
2019,1370331.0,1,0,0,0,0,0,0.0,6,0.0,0.0
2019,1370331.0,1,0,0,0,0,0,0.0,6,0.0,0.0
2020,3239906.0,1,0,1,1,1,1,1.0,5,323990.0,323991.0
2023,2889000.0,1,0,0,0,1,1,0.0,2,288900.0,288900.0
2023,2889000.0,1,0,0,0,1,1,0.0,2,288900.0,288900.0
2023,49914000.0,1,1,1,1,1,1,0.0,2,4991400.0,4991400.0
2013,4800880.0,0,1,1,1,0,0,0.0,12,0.0,0.0
2021,1390000.0,1,0,0,0,0,0,0.0,4,139000.0,139000.0
2019,1720000.0,1,0,0,0,0,0,0.0,6,0.0,0.0
2019,1720000.0,1,0,0,0,0,0,0.0,6,0.0,0.0
2022,1753588.0,1,0,0,0,0,0,0.0,3,175359.0,175359.0
2022,1753588.0,1,0,0,0,0,0,0.0,3,175359.0,175359.0
2022,1753588.0,1,0,0,0,0,0,0.0,3,175359.0,175359.0
2022,1753588.0,1,0,0,0,0,0,0.0,3,175359.0,175359.0
2022,1753588.0,1,0,0,0,0,0,0.0,3,175359.0,175359.0
2022,1753588.0,1,0,0,0,0,0,0.0,3,175359.0,175359.0
2022,1753588.0,1,0,0,0,0,0,0.0,3,175359.0,175359.0
2022,1753588.0,1,0,0,0,0,0,0.0,3,175359.0,175359.0
2022,1753588.0,1,0,0,0,0,0,0.0,3,175359.0,175359.0
2022,1753588.0,1,0,0,0,0,0,0.0,3,175359.0,175359.0
2022,1753588.0,1,0,0,0,0,0,0.0,3,175359.0,175359.0
2022,1753588.0,1,0,0,0,0,0,0.0,3,175359.0,175359.0
2022,1753588.0,1,0,0,0,0,0,0.0,3,175359.0,175359.0
2022,1753588.0,1,0,0,0,0,0,0.0,3,175359.0,175359.0
2022,1753588.0,1,0,0,0,0,0,0.0,3,175359.0,175359.0
2022,1753588.0,1,0,0,0,0,0,0.0,3,175359.0,175359.0
2022,1753588.0,1,0,0,0,0,0,0.0,3,175359.0,175359.0
2022,1753588.0,1,0,0,0,0,0,0.0,3,175359.0,175359.0
2022,1753588.0,1,0,0,0,0,0,0.0,3,175359.0,175359.0
2022,1753588.0,1,0,0,0,0,0,0.0,3,175359.0,175359.0
2022,1753588.0,1,0,0,0,0,0,0.0,3,175359.0,175359.0
2022,1753588.0,1,0,0,0,0,0,0.0,3,175359.0,175359.0
2022,1753588.0,1,0,0,0,0,0,0.0,3,175359.0,175359.0
2022,1753588.0,1,0,0,0,0,0,0.0,3,175359.0,175359.0
2022,1753588.0,1,0,0,0,0,0,0.0,3,175359.0,175359.0
2022,1753588.0,1,0,0,0,0,0,0.0,3,175359.0,175359.0
2022,1753588.0,1,0,0,0,0,0,0.0,3,175359.0,175359.0
2022,1753588.0,1,0,0,0,0,0,0.0,3,175359.0,175359.0
2022,1753588.0,1,0,0,0,0,0,0.0,3,175359.0,175359.0
2022,1753588.0,1,0,0,0,0,0,0.0,3,175359.0,175359.0
2022,1753588.0,1,0,0,0,0,0,0.0,3,175359.0,175359.0
2022,1753588.0,1,0,0,0,0,0,0.0,3,175359.0,175359.0
2022,1753588.0,1,0,0,0,0,0,0.0,3,175359.0,175359.0
2022,1753588.0,1,0,0,0,0,0,0.0,3,175359.0,175359.0
2022,1753588.0,1,0,0,0,0,0,0.0,3,175359.0,175359.0
2022,1753588.0,1,0,0,0,0,0,0.0,3,175359.0,175359.0
2022,1753588.0,1,0,0,0,0,0,0.0,3,175359.0,175359.0
2022,1753588.0,1,0,0,0,0,0,0.0,3,175359.0,175359.0
2022,1753588.0,1,0,0,0,0,0,0.0,3,175359.0,175359.0
2022,1753588.0,1,0,0,0,0,0,0.0,3,175359.0,175359.0
2022,1753588.0,1,0,0,0,0,0,0.0,3,175359.0,175359.0
2022,1753588.0,1,0,0,0,0,0,0.0,3,175359.0,175359.0
2022,1753588.0,1,0,0,0,0,0,0.0,3,175359.0,175359.0
2022,1753588.0,1,0,0,0,0,0,0.0,3,175359.0,175359.0
2022,1753588.0,1,0,0,0,0,0,0.0,3,175359.0,175359.0
2022,1753588.0,1,0,0,0,0,0,0.0,3,175359.0,175359.0
2022,1753588.0,1,0,0,0,0,0,0.0,3,175359.0,175359.0
2022,1753588.0,1,0,0,0,0,0,0.0,3,175359.0,175359.0
2022,1363905.0,1,0,0,0,0,0,-1.0,3,136391.0,136390.0
2022,1363905.0,1,0,0,0,0,0,-1.0,3,136391.0,136390.0
2022,1363905.0,1,0,0,0,0,0,-1.0,3,136391.0,136390.0
2022,1363905.0,1,0,0,0,0,0,-1.0,3,136391.0,136390.0
2022,1363905.0,1,0,0,0,0,0,-1.0,3,136391.0,136390.0
2022,1363905.0,1,0,0,0,0,0,-1.0,3,136391.0,136390.0
2022,1363905.0,1,0,0,0,0,0,-1.0,3,136391.0,136390.0
2022,1363905.0,1,0,0,0,0,0,-1.0,3,136391.0,136390.0
2022,1363905.0,1,0,0,0,0,0,-1.0,3,136391.0,136390.0
2022,1363905.0,1,0,0,0,0,0,-1.0,3,136391.0,136390.0
2022,1363905.0,1,0,0,0,0,0,-1.0,3,136391.0,136390.0
2022,1363905.0,1,0,0,0,0,0,-1.0,3,136391.0,136390.0
2022,1363905.0,1,0,0,0,0,0,-1.0,3,136391.0,136390.0
2022,1363905.0,1,0,0,0,0,0,-1.0,3,136391.0,136390.0
2022,1363905.0,1,0,0,0,0,0,-1.0,3,136391.0,136390.0
2022,1363905.0,1,0,0,0,0,0,-1.0,3,136391.0,136390.0
2022,1363905.0,1,0,0,0,0,0,-1.0,3,136391.0,136390.0
2022,1363905.0,1,0,0,0,0,0,-1.0,3,136391.0,136390.0
2022,1363905.0,1,0,0,0,0,0,-1.0,3,136391.0,136390.0
2022,1363905.0,1,0,0,0,0,0,-1.0,3,136391.0,136390.0
2022,1363905.0,1,0,0,0,0,0,-1.0,3,136391.0,136390.0
2022,1363905.0,1,0,0,0,0,0,-1.0,3,136391.0,136390.0
2022,1363905.0,1,0,0,0,0,0,-1.0,3,136391.0,136390.0
2022,1363905.0,1,0,0,0,0,0,-1.0,3,136391.0,136390.0
2022,1363905.0,1,0,0,0,0,0,-1.0,3,136391.0,136390.0
2022,1363905.0,1,0,0,0,0,0,-1.0,3,136391.0,136390.0
2022,1363905.0,1,0,0,0,0,0,-1.0,3,136391.0,136390.0
2022,1363905.0,1,0,0,0,0,0,-1.0,3,136391.0,136390.0
2022,1363905.0,1,0,0,0,0,0,-1.0,3,136391.0,136390.0
2022,1363905.0,1,0,0,0,0,0,-1.0,3,136391.0,136390.0
2022,1363905.0,1,0,0,0,0,0,-1.0,3,136391.0,136390.0
2022,1363905.0,1,0,0,0,0,0,-1.0,3,136391.0,136390.0
2022,1363905.0,1,0,0,0,0,0,-1.0,3,136391.0,136390.0
2022,1363905.0,1,0,0,0,0,0,-1.0,3,136391.0,136390.0
2022,1363905.0,1,0,0,0,0,0,-1.0,3,136391.0,136390.0
2022,1363905.0,1,0,0,0,0,0,-1.0,3,136391.0,136390.0
2022,1363905.0,1,0,0,0,0,0,-1.0,3,136391.0,136390.0
2022,1363905.0,1,0,0,0,0,0,-1.0,3,136391.0,136390.0
2022,1363905.0,1,0,0,0,0,0,-1.0,3,136391.0,136390.0
2022,1363905.0,1,0,0,0,0,0,-1.0,3,136391.0,136390.0
2022,1363905.0,1,0,0,0,0,0,-1.0,3,136391.0,136390.0
2022,1363905.0,1,0,0,0,0,0,-1.0,3,136391.0,136390.0
2022,1363905.0,1,0,0,0,0,0,-1.0,3,136391.0,136390.0
2022,1363905.0,1,0,0,0,0,0,-1.0,3,136391.0,136390.0
2022,1363905.0,1,0,0,0,0,0,-1.0,3,136391.0,136390.0
2022,1363905.0,1,0,0,0,0,0,-1.0,3,136391.0,136390.0
2022,1363905.0,1,0,0,0,0,0,-1.0,3,136391.0,136390.0
2022,1363905.0,1,0,0,0,0,0,-1.0,3,136391.0,136390.0
2023,3052500.0,1,0,0,0,1,1,0.0,2,305250.0,305250.0
2023,3052500.0,1,0,0,0,1,1,0.0,2,305250.0,305250.0
2023,3052500.0,1,0,0,0,1,1,0.0,2,305250.0,305250.0
2013,7916667.0,0,1,1,1,0,0,0.0,12,0.0,0.0
2017,2500000.0,0,0,1,0,0,0,0.0,8,0.0,0.0
2017,2500000.0,0,0,1,0,0,0,0.0,8,0.0,0.0
2011,2172500.0,0,0,0,0,0,0,0.0,14,0.0,0.0
2024,1150000.0,1,0,0,0,0,0,0.0,1,115000.0,115000.0
2021,4200000.0,1,1,1,1,1,1,0.0,4,420000.0,420000.0
2020,237119220.0,1,1,1,1,1,1,0.0,5,23711922.0,23711922.0
2021,205569485.0,1,1,1,1,1,1,1.0,4,20556948.0,20556949.0
2018,1600000.0,0,0,0,0,0,0,0.0,7,0.0,0.0
2018,1600000.0,0,0,0,0,0,0,0.0,7,0.0,0.0
2018,1600000.0,0,0,0,0,0,0,0.0,7,0.0,0.0
2018,3207000.0,0,0,1,1,0,0,0.0,7,0.0,0.0
2018,3207000.0,0,0,1,1,0,0,0.0,7,0.0,0.0
2018,2400000.0,0,0,1,0,0,0,0.0,7,0.0,0.0
2024,30000000.0,1,1,0,1,1,1,0.0,1,3000000.0,3000000.0
2017,1825000.0,0,0,0,0,0,0,0.0,8,0.0,0.0
2017,1825000.0,0,0,0,0,0,0,0.0,8,0.0,0.0
2024,12690000.0,1,1,0,0,1,1,0.0,1,1269000.0,1269000.0
2024,12500000.0,1,1,0,0,1,1,0.0,1,1250000.0,1250000.0
2013,7112050.0,0,1,1,1,0,0,0.0,12,0.0,0.0
2023,10500000.0,1,1,0,1,1,1,0.0,2,1050000.0,1050000.0
2013,8754800.0,0,1,1,1,0,0,0.0,12,0.0,0.0
2023,9401117.0,1,1,0,1,1,1,0.0,2,940112.0,940112.0
2024,122000000.0,1,1,0,1,1,1,0.0,1,12200000.0,12200000.0
2024,2979000.0,1,0,0,0,1,1,0.0,1,297900.0,297900.0
2016,10000000.0,0,1,1,1,0,0,0.0,9,0.0,0.0
2016,10000000.0,0,1,1,1,0,0,0.0,9,0.0,0.0
2019,6200000.0,1,1,1,1,0,0,0.0,6,0.0,0.0
2019,6200000.0,1,1,1,1,0,0,0.0,6,0.0,0.0
2019,6200000.0,1,1,1,1,0,0,0.0,6,0.0,0.0
2019,5300000.0,1,1,1,1,0,0,0.0,6,0.0,0.0
2019,5300000.0,1,1,1,1,0,0,0.0,6,0.0,0.0
2019,5300000.0,1,1,1,1,0,0,0.0,6,0.0,0.0
2019,5300000.0,1,1,1,1,0,0,0.0,6,0.0,0.0
2019,5300000.0,1,1,1,1,0,0,0.0,6,0.0,0.0
2019,5300000.0,1,1,1,1,0,0,0.0,6,0.0,0.0
2019,5300000.0,1,1,1,1,0,0,0.0,6,0.0,0.0
2019,5300000.0,1,1,1,1,0,0,0.0,6,0.0,0.0
2019,5300000.0,1,1,1,1,0,0,0.0,6,0.0,0.0
2019,6200000.0,1,1,1,1,0,0,0.0,6,0.0,0.0
2021,6550000.0,1,1,1,1,1,1,0.0,4,655000.0,655000.0
2021,6550000.0,1,1,1,1,1,1,0.0,4,655000.0,655000.0
2022,8695000.0,1,1,1,1,1,1,0.0,3,869500.0,869500.0
2022,8695000.0,1,1,1,1,1,1,0.0,3,869500.0,869500.0
2022,11750000.0,1,1,1,1,1,1,0.0,3,1175000.0,1175000.0
2024,12275000.0,1,1,0,0,1,1,0.0,1,1227500.0,1227500.0
2024,12275000.0,1,1,0,0,1,1,0.0,1,1227500.0,1227500.0
2016,9430000.0,0,1,1,1,0,0,0.0,9,0.0,0.0
2019,5800000.0,1,1,1,1,0,0,0.0,6,0.0,0.0
2019,5800000.0,1,1,1,1,0,0,0.0,6,0.0,0.0
2019,5800000.0,1,1,1,1,0,0,0.0,6,0.0,0.0
2019,5800000.0,1,1,1,1,0,0,0.0,6,0.0,0.0
2019,5800000.0,1,1,1,1,0,0,0.0,6,0.0,0.0
2019,9300000.0,1,1,1,1,0,0,0.0,6,0.0,0.0
2021,6750000.0,1,1,1,1,1,1,0.0,4,675000.0,675000.0
2021,6750000.0,1,1,1,1,1,1,0.0,4,675000.0,675000.0
2021,6750000.0,1,1,1,1,1,1,0.0,4,675000.0,675000.0
2022,12925000.0,1,1,1,1,1,1,0.0,3,1292500.0,1292500.0
2024,14900000.0,1,1,0,1,1,1,0.0,1,1490000.0,1490000.0
2024,15260000.0,1,1,0,1,1,1,0.0,1,1526000.0,1526000.0
2024,15260000.0,1,1,0,1,1,1,0.0,1,1526000.0,1526000.0
2018,4435000.0,0,1,1,1,0,0,0.0,7,0.0,0.0
2018,4435000.0,0,1,1,1,0,0,0.0,7,0.0,0.0
2018,4435000.0,0,1,1,1,0,0,0.0,7,0.0,0.0
2018,4435000.0,0,1,1,1,0,0,0.0,7,0.0,0.0
2018,4435000.0,0,1,1,1,0,0,0.0,7,0.0,0.0
2018,4435000.0,0,1,1,1,0,0,0.0,7,0.0,0.0
2021,4500000.0,1,1,1,1,1,1,0.0,4,450000.0,450000.0
2021,4500000.0,1,1,1,1,1,1,0.0,4,450000.0,450000.0
2021,8500000.0,1,1,1,1,1,1,0.0,4,850000.0,850000.0
2024,40150000.0,1,1,0,1,1,1,0.0,1,4015000.0,4015000.0
2018,7800000.0,0,1,1,1,0,0,0.0,7,0.0,0.0
2009,1250000.0,0,0,0,0,0,0,0.0,16,0.0,0.0
2016,1700000.0,0,0,0,0,0,0,0.0,9,0.0,0.0
2016,1700000.0,0,0,0,0,0,0,0.0,9,0.0,0.0
2016,1700000.0,0,0,0,0,0,0,0.0,9,0.0,0.0
2024,6325000.0,1,1,0,0,1,1,0.0,1,632500.0,632500.0
2019,2400000.0,1,0,1,0,0,0,0.0,6,0.0,0.0
2019,2400000.0,1,0,1,0,0,0,0.0,6,0.0,0.0
2019,2400000.0,1,0,1,0,0,0,0.0,6,0.0,0.0
2019,2400000.0,1,0,1,0,0,0,0.0,6,0.0,0.0
2019,2400000.0,1,0,1,0,0,0,0.0,6,0.0,0.0
2019,2400000.0,1,0,1,0,0,0,0.0,6,0.0,0.0
2019,2400000.0,1,0,1,0,0,0,0.0,6,0.0,0.0
2019,2400000.0,1,0,1,0,0,0,0.0,6,0.0,0.0
2019,2400000.0,1,0,1,0,0,0,0.0,6,0.0,0.0
2019,2400000.0,1,0,1,0,0,0,0.0,6,0.0,0.0
2019,2400000.0,1,0,1,0,0,0,0.0,6,0.0,0.0
2019,2400000.0,1,0,1,0,0,0,0.0,6,0.0,0.0
2019,2400000.0,1,0,1,0,0,0,0.0,6,0.0,0.0
2019,2400000.0,1,0,1,0,0,0,0.0,6,0.0,0.0
2019,2400000.0,1,0,1,0,0,0,0.0,6,0.0,0.0
2019,2400000.0,1,0,1,0,0,0,0.0,6,0.0,0.0
2019,3190080.0,1,0,1,1,0,0,0.0,6,0.0,0.0
2022,2150000.0,1,0,0,0,0,0,0.0,3,215000.0,215000.0
2022,2150000.0,1,0,0,0,0,0,0.0,3,215000.0,215000.0
2022,2470000.0,1,0,0,0,0,0,0.0,3,247000.0,247000.0
2022,2470000.0,1,0,0,0,0,0,0.0,3,247000.0,247000.0
2022,2470000.0,1,0,0,0,0,0,0.0,3,247000.0,247000.0
2022,2470000.0,1,0,0,0,0,0,0.0,3,247000.0,247000.0
2022,2900000.0,1,0,0,0,1,1,0.0,3,290000.0,290000.0
2022,2900000.0,1,0,0,0,1,1,0.0,3,290000.0,290000.0
2024,3200000.0,1,0,0,0,1,1,0.0,1,320000.0,320000.0
2024,3200000.0,1,0,0,0,1,1,0.0,1,320000.0,320000.0
2024,3200000.0,1,0,0,0,1,1,0.0,1,320000.0,320000.0
2024,3200000.0,1,0,0,0,1,1,0.0,1,320000.0,320000.0
2022,6000000.0,1,1,1,1,1,1,0.0,3,600000.0,600000.0
2022,2737750.0,1,0,0,0,1,1,0.0,3,273775.0,273775.0
2023,5119000.0,1,1,0,0,1,1,0.0,2,511900.0,511900.0
2023,5119000.0,1,1,0,0,1,1,0.0,2,511900.0,511900.0
2020,875000.0,1,0,0,0,0,0,0.0,5,87500.0,87500.0
